{
  "vocal": {
    "frequencies": [ 21.99073600769043, 40, 80, 160, 320, 640, 1280, 2560, 5120, 10240, 5531.2822265625 ],
    "gains": [ -0.28437501192092896, 0, 0, 0, 0, 0, 0, 0, 0, 0, 11.715624809265137 ],
    "qs": [ 0.707099974155426, 0.707099974155426, 0.707099974155426, 0.707099974155426, 0.707099974155426, 0.707099974155426, 0.707099974155426, 0.707099974155426, 0.707099974155426, 0.707099974155426, 0.707099974155426 ]
  },
  "vocal +": {
    "frequencies": [ 322.30645751953125, 40, 80, 160, 320, 640, 1280, 2560, 5120, 10240, 5531.2822265625 ],
    "gains": [ -9.484375, 0, 0, 0, 0, 0, 0, 0, 0, 0, 11.715624809265137 ],
    "qs": [ 0.707099974155426, 0.707099974155426, 0.707099974155426, 0.707099974155426, 0.707099974155426, 0.707099974155426, 0.707099974155426, 0.707099974155426, 0.707099974155426, 0.707099974155426, 0.707099974155426 ]
  },
  "vocal + bass": {
    "frequencies": [ 322.30645751953125, 46.569881439208984, 83.01776885986328, 154.6153564453125, 328.5306396484375, 640, 1280, 2560, 4697.2841796875, 10101.646484375, 5531.2822265625 ],
    "gains": [ -9.484375, 5.315625190734863, 4.315625190734863, 2.9156250953674316, 0.9156249761581421, 0, 0, 0, -6.684374809265137, -4.684374809265137, 11.715624809265137 ],
    "qs": [ 0.707099974155426, 0.707099974155426, 0.707099974155426, 0.707099974155426, 0.707099974155426, 0.707099974155426, 0.707099974155426, 0.707099974155426, 0.707099974155426, 0.707099974155426, 0.707099974155426 ]
  },
  "bass boost": {
    "frequencies": [ 361.0146484375, 40, 80, 160, 320, 640, 1280, 2560, 5120, 10240, 20000 ],
    "gains": [ 7.115624904632568, 0, 0, 0, 0, 0, 0, 0, 0, 0, 0 ],
    "qs": [ 0.707099974155426, 0.707099974155426, 0.707099974155426, 0.707099974155426, 0.707099974155426, 0.707099974155426, 0.707099974155426, 0.707099974155426, 0.707099974155426, 0.707099974155426, 0.707099974155426 ]
  },
  "bass boost +": {
    "frequencies": [ 181.09857177734375, 40, 80, 160, 320, 640, 1280, 2560, 5120, 10240, 10433.0751953125 ],
    "gains": [ 6.315625190734863, 0, 0, 0, 0, 0, 0, 0, 0, 0, -10.684374809265137 ],
    "qs": [ 0.707099974155426, 0.707099974155426, 0.707099974155426, 0.707099974155426, 0.707099974155426, 0.707099974155426, 0.707099974155426, 0.707099974155426, 0.707099974155426, 0.707099974155426, 0.707099974155426 ]
  },
  "pumped boost + pitch": {
    "frequencies": [ 181.09857177734375, 40, 80, 160, 320, 640, 1280, 2560, 5120, 10240, 15190.1318359375 ],
    "gains": [ 6.315625190734863, 0, 0, 0, 0, 0, 0, 0, 0, 0, 17.915624618530273 ],
    "qs": [ 0.707099974155426, 0.707099974155426, 0.707099974155426, 0.707099974155426, 0.707099974155426, 0.707099974155426, 0.707099974155426, 0.707099974155426, 0.707099974155426, 0.707099974155426, 0.707099974155426 ]
  },
  "rock": {
    "frequencies": [ 6.979528427124023, 36.536746978759766, 111.5492172241211, 229.4926300048828, 426.0224304199219, 879.460693359375, 1712.6741943359375, 3130.313720703125, 7885.8603515625, 12752.044921875, 20228.3515625 ],
    "gains": [ 4.215624809265137, 3.4156250953674316, 2.215625047683716, 1.8156249523162842, 0.4156250059604645, -0.18437500298023224, -0.5843750238418579, 1.015625, 2.815624952316284, 3.815624952316284, 3.215625047683716 ],
    "qs": [ 0.707099974155426, 0.707099974155426, 0.707099974155426, 0.707099974155426, 0.707099974155426, 0.707099974155426, 0.707099974155426, 0.707099974155426, 0.707099974155426, 0.707099974155426, 0.707099974155426 ]
  }
}
